title,text,label
"Breaking: Major Scientific Breakthrough Announced","Researchers at leading universities have announced a major breakthrough in renewable energy technology. The new method achieves 85% efficiency in converting solar radiation to electricity. The discovery is expected to revolutionize the energy industry.",0
"SHOCKING: Government Hiding Truth About Aliens!","EXCLUSIVE: Multiple sources claim the government has been hiding evidence of extraterrestrial contact for decades! The proof is hidden in secret underground bases!",1
"Market Report: Tech Stocks Rise 2.3% This Quarter","The technology sector showed strong performance today with major indices climbing 2.3%. Market analysts attribute the gains to positive earnings reports from leading tech companies. Investors remain optimistic about future growth.",0
"Celebrity CAUGHT in UNBELIEVABLE Secret! You Won't Believe What Happened!","A famous actor was spotted at a secret location. Their publicist refused to comment. This could be the biggest scandal of the year!",1
"Medical Study: Regular Exercise Reduces Heart Disease Risk","A comprehensive study spanning 10 years and involving 50,000 participants shows that regular physical activity reduces cardiovascular disease risk by 35%. Researchers recommend 150 minutes of moderate exercise weekly.",0
"URGENT: Miracle Cure Found - Big Pharma Doesn't Want You to Know!","Scientists have discovered a miracle cure but the pharmaceutical industry is suppressing it! This natural remedy will change everything!",1
"Economic Analysis: Global Trade Patterns Shift Post-Pandemic","Economists report significant changes in international trade patterns following the pandemic. Supply chains are being reorganized, with companies seeking to reduce dependency on single-source suppliers.",0
"MIND BLOWING: Celebrities Are ACTUALLY Reptilians!","Multiple sources confirm that famous celebrities are actually reptilians in disguise! This explains their strange behavior!",1
"University Study: Impact of Social Media on Sleep Quality","Researchers from sleep medicine institute published findings showing that excessive social media use before bedtime reduces sleep quality. The study recommends avoiding screens one hour before sleep.",0
"EXPOSED: This One Weird Trick Will Make You RICH OVERNIGHT!","Financial experts HATE this trick! Click here to discover the secret to instant wealth!",1
"Environmental Report: Amazon Rainforest Shows Signs of Recovery","Recent satellite data indicates the Amazon rainforest has experienced net growth for the first time in several years. Conservation efforts have contributed to this positive trend.",0
"WARNING: New Virus Created in Lab to Control Population!","A secret laboratory has created a virus designed to control world population! The government knows but won't tell you!",1
"Technology Review: AI Advances in Medical Diagnosis","Artificial intelligence systems have shown promising results in detecting certain cancers early. A recent study demonstrates AI can match or exceed human radiologists in accuracy.",0
"SHOCKING TRUTH: Water Companies Adding Chemicals to Make You Sick!","Water companies are intentionally poisoning our water supply with harmful chemicals! Wake up people!",1
"Transportation Report: Electric Vehicle Adoption Accelerates","Sales of electric vehicles increased by 45% year-over-year, according to industry analysts. Infrastructure for charging stations is rapidly expanding across major cities.",0
"UNBELIEVABLE: This Simple Secret Will Give You Super Powers!","Scientists have discovered a hidden ability in the human brain that you don't know about! Learn this one trick!",1
"Climate Research: Ocean Temperature Trends Documented","Oceanographers report continued warming of global ocean temperatures. The research, based on 30 years of data, shows consistent trends with climate models.",0
"EXPOSED: Celebrity Secret Society Controls World!","Hidden sources reveal that famous celebrities are part of a secret society controlling world events! The truth is finally coming out!",1
"Health Study: Mediterranean Diet Benefits Confirmed","A clinical trial involving 7,000 participants shows the Mediterranean diet reduces heart disease risk by 30%. Researchers recommend this eating pattern for long-term health.",0
"MUST READ: This Shocking Conspiracy Will Change Everything!","Are you ready for the truth? The answer is hidden in plain sight! Read more for shocking revelations!",1
"Research: Smartphone Usage Patterns in Teenagers","A study of 10,000 teens shows average daily phone usage is 6.5 hours. Researchers found correlations with both social connection and anxiety levels.",0
"VIRAL: Secret Celebrity Marriage Nobody Knows About!","A huge star was secretly married to another celebrity and nobody noticed! The photos are finally released!",1
"Finance: Federal Reserve Adjusts Interest Rates","The Federal Reserve announced a 0.25% interest rate increase today. Economists interpret this as a response to recent inflation trends.",0
"UNREAL: This Supplement Companies Hide Because It's Too Effective!","Doctors HATE this one weird supplement! Take it daily and see RESULTS!",1
"Agriculture Report: Sustainable Farming Practices Increase Yields","Farmers using sustainable methods report 20% higher yields while reducing water usage by 30%. This contradicts previous assumptions about trade-offs between sustainability and productivity.",0
"SHOCKING: Government Building Secret UFO Base!","Construction workers reveal a mysterious underground facility is being built. It's clearly for UFO research! The government is finally admitting the truth!",1
"Psychology Study: Meditation Effects on Stress Reduction","A randomized controlled study shows 20 minutes of daily meditation reduces stress hormone levels by 40%. Participants report improved emotional well-being.",0
"EXPOSED: Famous News Anchor Caught in Scandal!","Late night photos show a well-known news anchor in a compromising situation! The mainstream media is covering it up!",1
"Energy Report: Wind Power Reaches New Capacity Milestone","Wind energy now accounts for 12% of U.S. electricity generation, reaching record capacity. Growth is driven by technological improvements and policy incentives.",0
"UNBELIEVABLE DISCOVERY: Alternate Reality Found!","Scientists have allegedly found proof of parallel universes! What they discovered will blow your mind!",1
"Biology: Genetic Research Advances in Disease Prevention","Researchers have identified 15 new genetic markers linked to disease susceptibility. This discovery could enable preventive medicine strategies.",0
"MUST SEE: This Video Proves The Truth About Everything!","A 3-hour documentary reveals everything you need to know! The government doesn't want you watching this!",1
"Business Report: Small Business Investments Show Growth","According to economic data, small business formation is up 18% year-over-year. New entrepreneurs cite improved access to capital as a key factor.",0
"SHOCKING TRUTH: Your Phone Is Secretly Watching You!","All smartphones have hidden cameras activated by the government! This is finally being exposed!",1
"Education Study: Impact of Technology in Classrooms","Research shows students using digital learning tools score 15% higher on assessments. However, excessive screen time shows negative effects on focus.",0
"VIRAL VIDEO: This Celebrity Did Something CRAZY!","A celebrity was caught doing something absolutely wild! The footage is spreading everywhere!",1
"Public Health Report: Vaccination Rates Continue Rising","Vaccination rates have increased to 92% across major demographics. Public health officials credit education campaigns and accessibility improvements.",0
"UNREAL: Secret Government Program Revealed!","A whistleblower has exposed a secret program that the government has been hiding for decades! The truth is finally coming out!",1
"Astronomy: New Exoplanet Discovery May Support Life","Astronomers have discovered an Earth-like exoplanet in the habitable zone of a nearby star. The planet shows signs of an atmosphere.",0
"SHOCKING NEWS: Celebrities Secretly Meeting in Underground Bunkers!","Multiple sources confirm famous stars are meeting in secret underground locations! What are they planning?!",1
"Sports Report: Team Performance Statistics Released","The professional sports team's latest performance metrics show a 25% improvement in key statistics compared to the previous season.",0
"EXPOSED: Banks Stealing Money From Accounts!","Customers report mysterious charges on accounts! Banks are secretly draining money! Contact us for the full story!",1
"Technology: Cybersecurity Threats and Prevention Methods","Security experts report a 40% increase in sophisticated cyber attacks. They recommend multi-factor authentication and regular security audits.",0
"UNBELIEVABLE: This Natural Supplement Cures Everything!","One miracle supplement can treat any disease! Pharmaceutical companies are desperate to keep this secret!",1
"Labor Report: Employment Numbers Show Positive Trends","The latest employment report shows 250,000 new jobs created last month. The unemployment rate decreased to 4.2%.",0
"MUST WATCH: Celebrity Reveals Shocking Secret On Live TV!","During an interview, a famous actor confessed something HUGE! Networks are trying to remove the video!",1
"Environmental Study: Plastic Reduction Initiatives Show Results","Cities implementing plastic bans report 60% reduction in plastic waste in waterways. Businesses have adapted with alternative materials.",0
"VIRAL: This Photo Proves The Conspiracy!","One simple photograph completely changes everything we thought was real! The proof has been in front of us all along!",1
"Healthcare Report: Preventive Care Costs Less Long-Term","Health economists report that preventive care reduces total healthcare spending by 35% over 10 years. Early intervention proves most cost-effective.",0
"SHOCKING TRUTH: Ancient Artifact Discovered That Changes Everything!","Archaeologists found an artifact that rewrites all of history! Museums and governments don't want you to know about it!",1
"Manufacturing: Industrial Output Increases Quarter Over Quarter","Manufacturing output increased 3.2% this quarter, marking the fifth consecutive quarter of growth. Industry analysts remain optimistic about expansion.",0
"UNREAL: Secret Society Members Identified!","Investigative researchers have finally identified the secret leaders controlling world events! The list includes several famous names!",1
"Urban Planning: Smart City Infrastructure Improves Services","Cities implementing IoT infrastructure report 40% improvement in traffic flow and 25% reduction in energy consumption. Public satisfaction with services increased.",0
